AssetID,AssetCode,Category,AssetType,Manufacturer,Model,InstallDate,Location,OperatingConditions,FailureModes,MaintenanceStrategy,LastMaintenance,MTBF_hours,Availability_pct,Latitude,Longitude
EZE,COMP-005,Gas Compressors,Reciprocating Compressor,Kooper-Bressler,GMVX-8 (8-cyl Integral),5/10/1995,Station B (OK),"Natural gas, integral engine-compressor, 600 psi discharge",Seal oil leak; Bearing failure,Preventive (quarterly) + Condition Monitoring,9/14/2020,"14,044",95.9,30.98541514,-100.2492506
8X5,COMP-006,Gas Compressors,Reciprocating Compressor,Kooper-Bressler,GMVX-8 (8-cyl Integral),5/10/1995,Station B (OK),"Natural gas, integral engine-compressor, 600 psi discharge",Valve failure; Packing wear,Condition-based PdM; Quarterly inspection,11/24/2019,"15,984",95.3,33.96482505,-97.09817849
ZF9,COMP-007,Gas Compressors,Reciprocating Compressor,Dressler-Rhodes,D-RX 570 (2 throw),11/5/2001,Station B (OK),"Natural gas, 2-stage, discharge ~1000 psi @ 130°F",Valve failure; Piston ring wear,Preventive (quarterly) + Condition Monitoring,7/1/2022,"5,022",96.4,34.02138996,-98.9815365
8IH,COMP-008,Gas Compressors,Reciprocating Compressor,Dressler-Rhodes,D-RX 570 (2 throw),11/5/2001,Station B (OK),"Natural gas, 2-stage, discharge ~1000 psi @ 130°F",Valve failure; Piston ring wear,Condition-based PdM; Quarterly inspection,7/23/2023,"10,870",95.0,30.10754646,-100.3187318
8K2,COMP-020,Gas Compressors,Centrifugal Compressor,Ingerton Rhodes,Centech C1000,4/9/2005,Station B (OK),"Natural gas, centrifugal, 800 psi boost, ~100°F outlet",Seal oil leak; Bearing failure,Preventive (quarterly) + Condition Monitoring,11/11/2020,"16,971",97.1,32.87111052,-101.5892765
NDE,COMP-021,Gas Compressors,Centrifugal Compressor,Ingerton Rhodes,Centech C1000,4/9/2005,Station B (OK),"Natural gas, centrifugal, 800 psi boost, ~100°F outlet",Seal oil leak; Bearing failure,Preventive (quarterly) + Condition Monitoring,10/14/2019,"15,671",96.5,33.20219146,-98.26816357
MBZ,COMP-030,Gas Compressors,Centrifugal Compressor,Elliton,23MXR,6/10/1998,Station B (OK),"Natural gas, centrifugal, 700 psi, ~100°F outlet",Seal oil leak; Bearing failure,Preventive (quarterly) + Condition Monitoring,5/27/2018,"17,566",96.5,34.24232475,-101.4528717
XPQ,VAL-001,Valves,Motor Operated Ball Valve,Camerton,"""24"""" Class 600 Ball Valve""",5/5/2005,Station B (OK),"Natural gas pipeline isolation, remote actuated",Seat wear; Stem leak,Periodic testing (annual),9/5/2020,"62,802",99.1,34.54909688,-100.1471839
L9M,VAL-002,Valves,Motor Operated Ball Valve,Camerton,"""24"""" Class 600 Ball Valve""",5/5/2005,Station B (OK),"Natural gas pipeline isolation, remote actuated",Seat wear; Stem leak,Periodic testing (annual),6/11/2023,"85,358",99.7,30.8442364,-97.25644551
0W9,HX-011,Heat Exchangers,Air Cooled Heat Exchanger,AeroXchange,3-fan Skid Cooler,4/9/2005,Station B (OK),"Compressor oil cooler, 160°F to 120°F, 250 psi oil",Fin corrosion; Fan motor failure,Condition-based (temperature monitoring),9/1/2022,"38,918",97.7,34.98565441,-97.09010669
5JE,HX-012,Heat Exchangers,Air Cooled Heat Exchanger,AeroXchange,3-fan Skid Cooler,4/9/2005,Station B (OK),"Compressor oil cooler, 160°F to 120°F, 250 psi oil",Fin corrosion; Fan motor failure,Preventive (cleaning every 2yr),8/25/2020,"67,636",98.5,34.72738421,-99.03532684
K8G,HX-013,Heat Exchangers,Air Cooled Heat Exchanger,Trantech,2-fan Unit Cooler,5/10/1995,Station B (OK),"Gas intercooler, 200°F to 150°F between stages, 600 psi",Tube leak; Vibration,Preventive (cleaning every 2yr),5/8/2021,"49,417",98.5,34.23576228,-98.10382002
01W,HX-014,Heat Exchangers,Air Cooled Heat Exchanger,Trantech,2-fan Unit Cooler,5/10/1995,Station B (OK),"Gas intercooler, 200°F to 150°F between stages, 600 psi",Tube leak; Vibration,Preventive (cleaning every 2yr),8/28/2023,"73,506",98.3,33.01769445,-101.8341403
N75,SEP-005,Separators & Filters,Filter Separator,Pallen Systems,"Horizontal Filter Sep 36""""",7/7/2015,Station B (OK),"Gas filter-coalescer, removes aerosols, 800 psi",Slug carryover; Erosion,Preventive (annual cleaning),1/22/2020,"99,818",99.5,32.36526491,-102.5856872
8IK,SEP-006,Separators & Filters,Filter Separator,Pallen Systems,"Horizontal Filter Sep 36""""",7/7/2015,Station B (OK),"Gas filter-coalescer, removes aerosols, 800 psi",Slug carryover; Erosion,Preventive (annual cleaning),1/28/2021,"80,520",99.1,30.41961078,-101.354658
XTQ,SEP-011,Separators & Filters,Slug Catcher (Vessel),Exterion,"""60"""" ID bulk separator""",9/9/1995,Station B (OK),"Slug catcher vessel, 750 psi, pipeline pig receiver",Slug carryover; Erosion,Condition-based (pressure drop monitoring),12/12/2019,"91,380",99.4,34.54791877,-103.3008947
E7O,SEP-012,Separators & Filters,Slug Catcher (Vessel),Exterion,"""60"""" ID bulk separator""",9/9/1995,Station B (OK),"Slug catcher vessel, 750 psi, pipeline pig receiver",Slug carryover; Erosion,Condition-based (pressure drop monitoring),11/6/2020,"59,801",97.8,31.8869337,-102.2626517
SEU,MTR-006,Flow Meters,Ultrasonic Flow Meter (Gas),Emerton (Daniels),Daniels Ultrasonic 3410,10/9/2015,Station B (OK),"Natural gas, 42-inch, 1100 psi, ~1 BCFD",Electronics failure; Fouling,Run-to-failure with spares,5/12/2019,"34,065",99.6,32.68703696,-100.3597994
RPB,TANK-001,Storage Tanks,Floating Roof Tank,CBX Industries,API 650 IFR - 120k bbl,8/15/2005,Tank Farm A (OK),"Crude oil storage, atmospheric pressure, 85°F average",Corrosion; Leak,Periodic inspection (API 653 10yr),3/7/2020,"151,188",99.5,34.54063985,-103.0953024
F84,TANK-002,Storage Tanks,Floating Roof Tank,CBX Industries,API 650 IFR - 120k bbl,8/15/2005,Tank Farm A (OK),"Crude oil storage, atmospheric pressure, 85°F average",Floating roof seal damage,Periodic inspection (API 653 10yr),1/20/2018,"118,544",99.1,34.89499223,-99.88892904
XV6,TANK-003,Storage Tanks,Floating Roof Tank,CBX Industries,API 650 - 200k bbl,5/20/1990,Tank Farm A (OK),"Crude oil storage, atmospheric, 80°F average (large tank)",Corrosion; Leak,Risk-based inspection (5yr intervals),5/16/2018,"173,448",98.9,33.13529644,-98.30781963
N2J,TANK-004,Storage Tanks,Floating Roof Tank,CBX Industries,API 650 - 200k bbl,5/20/1990,Tank Farm A (OK),"Crude oil storage, atmospheric, 80°F average (large tank)",Corrosion; Leak,Risk-based inspection (5yr intervals),12/25/2020,"151,800",98.7,30.22404358,-97.24041689
SJC,TANK-011,Storage Tanks,Floating Roof Tank,CBX Industries,External FR - 150k bbl,4/17/1998,Tank Farm B (LA),"Crude oil storage, atmospheric, hot climate (~90°F avg)",Floating roof seal damage,Risk-based inspection (5yr intervals),11/11/2020,"225,243",98.6,33.6031965,-101.5774717
7I3,TANK-012,Storage Tanks,Floating Roof Tank,CBX Industries,External FR - 150k bbl,4/17/1998,Tank Farm B (LA),"Crude oil storage, atmospheric, hot climate (~90°F avg)",Floating roof seal damage,Risk-based inspection (5yr intervals),7/26/2023,"223,916",98.6,32.83431793,-102.2074374
Y25,TANK-013,Storage Tanks,Dome Roof Tank,CBX Industries,API 650 Dome - 100k bbl,9/9/2010,Tank Farm B (LA),"Condensate storage, light hydrocarbon, atmospheric",Nozzle crack; Corrosion,Periodic inspection (API 653 10yr),5/20/2022,"194,857",98.9,34.02098824,-103.9105992
H5E,TANK-014,Storage Tanks,Dome Roof Tank,CBX Industries,API 650 Dome - 100k bbl,9/9/2010,Tank Farm B (LA),"Condensate storage, light hydrocarbon, atmospheric",Corrosion; Leak,Periodic inspection (API 653 10yr),8/10/2020,"190,423",99.2,30.39427271,-101.5365955
3QQ,TANK-015,Storage Tanks,Floating Roof Tank,CBX Industries,Internal FR - 80k bbl,6/24/2016,Terminal C (LA),"Gasoline storage, internal floating roof, 1 psi vapor space",Floating roof seal damage,Periodic inspection (API 653 10yr),5/1/2021,"122,685",98.7,32.49170201,-97.59971733
108,TANK-016,Storage Tanks,Floating Roof Tank,CBX Industries,Internal FR - 80k bbl,6/24/2016,Terminal C (LA),"Gasoline storage, internal floating roof, 1 psi vapor space",Corrosion; Leak,Periodic inspection (API 653 10yr),10/15/2020,"162,948",99.4,33.90273572,-97.04680203
5OD,TANK-019,Storage Tanks,Floating Roof Tank,CBX Industries,External FR - 120k bbl,12/12/1994,Tank Farm A (OK),"Crude oil storage, atmospheric, 80°F avg (legacy tank)",Corrosion; Leak,Risk-based inspection (5yr intervals),12/10/2019,"240,226",98.8,31.30658516,-99.582502
WAU,TANK-020,Storage Tanks,Floating Roof Tank,CBX Industries,External FR - 120k bbl,12/12/1994,Tank Farm A (OK),"Crude oil storage, atmospheric, 80°F avg (legacy tank)",Floating roof seal damage,Risk-based inspection (5yr intervals),6/15/2018,"275,460",98.2,33.21961375,-102.3582656
WST,TANK-006,Storage Tanks,Cone Roof Tank,Matrics Services,API 650 - 50k bbl,3/30/2012,Terminal A (OK),"Gasoline storage, fixed roof w/ vent, ambient 70-95°F",Nozzle crack; Corrosion,Risk-based inspection (5yr intervals),11/4/2019,"182,861",98.4,33.01894117,-101.8575289
FWW,VAL-005,Valves,Gate Valve (Manual),FlowTech,"""18"""" API 6D Gate Valve""",3/3/1990,Station A (TX),"Natural gas, station isolation, manual operation",Seal failure; Stuck closed,Run-to-failure (non-critical),5/17/2023,"70,615",98.4,32.72098961,-99.21281973
TGB,VAL-010,Valves,Pressure Relief Valve,Emerton (AGCO),"""4"""" PSV set 1440 psi""",2/2/2018,Station D (LA) (Gas),"Gas compressor discharge PSV, lifts at 1440 psi",Seat wear; Stem leak,Periodic testing (annual),10/27/2021,"79,079",98.4,31.32617323,-98.22260385
5C4,HX-005,Heat Exchangers,Air Cooled Heat Exchanger,AeroXchange,8-fan Fin-Fan Cooler,8/1/2018,Station D (LA),"Gas aftercooler, 8-fan bank, drops 130°F to 105°F",Tube rupture; Fouling,Preventive (cleaning every 2yr),9/23/2020,"29,387",98.4,31.16525953,-98.6339136
N6K,HX-010,Heat Exchangers,Air Cooled Heat Exchanger,Alfalux,AL Air 4xR,7/7/2012,Pump Station 2 (OK),"Lube oil cooler, 180°F to 130°F, 50 psi oil circuit",Tube leak; Vibration,Preventive (cleaning every 2yr),5/5/2020,"20,386",98.4,32.09593593,-99.31284175
NH6,SEP-009,Separators & Filters,Vertical Scrubber,Camerton,"""30""""×10' KO Drum""",2/2/2000,Station C (IL),"Compressor suction scrubber, 1200 psi, removes liquids",Internal corrosion; Erosion,Preventive (annual cleaning),4/3/2023,"86,839",98.4,32.71875725,-100.5322617
MNH,MTR-003,Flow Meters,Orifice Flow Meter (Gas),Emerton (Daniels),"""Orifice 16"""" Meter Run""",7/3/2008,Station E (CO),"Natural gas, 16-inch, 750 psi, ~20 MMSCFD",Impulse line clog; Sensor drift,Preventive (annual calibration),12/18/2020,"23,566",98.4,30.33432245,-98.53392248
EPN,MTR-011,Flow Meters,Turbine Flow Meter (Liquid),Camerton,NuFlow 8,2/18/2000,Terminal A (OK),"Crude oil, 8-inch, 600 psi, 50k bbl/day",Electronics failure; Fouling,Preventive (annual calibration),2/18/2020,"58,903",98.4,31.96299868,-103.9900151
C9M,MTR-016,Flow Meters,Coriolis Flow Meter (Liquid),Emerton (MicroMotion),CMF300X,8/10/2015,Terminal A (OK),"Refined products, 6-inch, 300 psi, 20k bbl/day",Electronics failure; Fouling,Preventive (annual calibration),11/26/2018,"32,898",98.4,30.53571084,-99.15586135
DGZ,COMP-001,Gas Compressors,Reciprocating Compressor,Aerion Industries,JGX-4 (4-cyl),3/22/2008,Station A (TX),"Natural gas, 3-stage, discharge ~800 psi @ 120°F",Valve failure; Packing wear,Preventive (quarterly) + Condition Monitoring,6/18/2023,"14,504",96.6,30.34198416,-98.34402729
4H3,COMP-002,Gas Compressors,Reciprocating Compressor,Aerion Industries,JGX-4 (4-cyl),3/22/2008,Station A (TX),"Natural gas, 3-stage, discharge ~800 psi @ 120°F",Valve failure; Packing wear,Condition-based PdM; Quarterly inspection,2/5/2018,"11,070",97.3,32.21333152,-98.34700793
WNL,COMP-003,Gas Compressors,Reciprocating Compressor,Aerion Industries,KBX-6 (6-cyl),7/16/2012,Station A (TX),"Natural gas, 2-stage, discharge ~800 psi @ 110°F",Valve failure; Packing wear,Preventive (quarterly) + Condition Monitoring,7/22/2022,"12,309",96.8,34.65193092,-103.8366136
LIA,COMP-004,Gas Compressors,Reciprocating Compressor,Aerion Industries,KBX-6 (6-cyl),7/16/2012,Station A (TX),"Natural gas, 2-stage, discharge ~800 psi @ 110°F",Valve failure; Packing wear,Condition-based PdM; Quarterly inspection,12/17/2022,"18,632",99.1,31.20991487,-97.39165407
2PQ,COMP-009,Gas Compressors,Reciprocating Compressor,Dressler-Rhodes,D-RX 590 (4 throw),9/30/2010,Station C (IL),"Natural gas, 3-stage, discharge ~1200 psi @ 140°F",Valve failure; Piston ring wear,Preventive (quarterly) + Condition Monitoring,7/25/2019,"19,816",96.3,33.74121313,-103.9925879
K25,COMP-010,Gas Compressors,Reciprocating Compressor,Dressler-Rhodes,D-RX 590 (4 throw),9/30/2010,Station C (IL),"Natural gas, 3-stage, discharge ~1200 psi @ 140°F",Valve failure; Piston ring wear,Condition-based PdM; Quarterly inspection,7/12/2021,"7,801",96.7,31.51025031,-103.7686747
DOX,COMP-011,Gas Compressors,Centrifugal Compressor,Stellar Turbines,C33-1200X (3-stage),6/12/2015,Station C (IL),"Natural gas, centrifugal, 1200 psi discharge, aftercooled to 120°F",Seal oil leak; Bearing failure,Preventive (quarterly) + Condition Monitoring,8/6/2023,"19,415",98.9,30.0252338,-100.840055
I6N,COMP-012,Gas Compressors,Centrifugal Compressor,Stellar Turbines,C33-1200X (3-stage),6/12/2015,Station C (IL),"Natural gas, centrifugal, 1200 psi discharge, aftercooled to 120°F",Valve failure; Piston ring wear,Preventive (quarterly) + Condition Monitoring,7/15/2020,"12,373",97.3,34.31609552,-100.0420892
05K,COMP-013,Gas Compressors,Centrifugal Compressor,Stellar Turbines,Tauros 70-3,8/1/2018,Station D (LA),"Natural gas, single-stage, 900 psi boost, 100°-130°F range",Valve failure; Piston ring wear,Condition-based PdM; Quarterly inspection,8/13/2022,"19,096",97.6,32.00503224,-101.9984643
5AW,COMP-014,Gas Compressors,Centrifugal Compressor,Stellar Turbines,Tauros 70-3,8/1/2018,Station D (LA),"Natural gas, single-stage, 900 psi boost, 100°-130°F range",Valve failure; Piston ring wear,Preventive (quarterly) + Condition Monitoring,9/18/2021,"19,761",96.9,31.49669143,-98.42285732
3C0,COMP-015,Gas Compressors,Centrifugal Compressor,Stellar Turbines,Marson 100-2,3/19/2020,Station D (LA),"Natural gas, 2-stage, 1100°°1500 psi, ~140°F outlet",Seal oil leak; Bearing failure,Condition-based PdM; Quarterly inspection,12/22/2021,"5,691",95.6,31.38751421,-102.934228
FY1,COMP-016,Gas Compressors,Centrifugal Compressor,Simmons Energy,STC-AX65,7/8/2011,Station E (CO),"Natural gas, 2-stage, discharge ~1000 psi @ 115°F",Valve failure; Piston ring wear,Preventive (quarterly) + Condition Monitoring,1/15/2018,"9,516",97.3,34.54037897,-99.45727009
CP8,COMP-017,Gas Compressors,Centrifugal Compressor,Simmons Energy,STC-AX65,7/8/2011,Station E (CO),"Natural gas, 2-stage, discharge ~1000 psi @ 115°F",Seal oil leak; Bearing failure,Preventive (quarterly) + Condition Monitoring,12/10/2023,"19,157",98.7,31.56643552,-102.1836032
U0X,COMP-018,Gas Compressors,Centrifugal Compressor,Simmons (D-R),Datum 3700X,11/11/2016,Station E (CO),"Natural gas, 3-stage, discharge ~1200 psi, 130°F outlet",Valve failure; Piston ring wear,Condition-based PdM; Quarterly inspection,1/5/2019,"14,456",96.1,31.14916464,-103.7815612
160,COMP-019,Gas Compressors,Centrifugal Compressor,Simmons (D-R),Datum 3700X,11/11/2016,Station E (CO),"Natural gas, 3-stage, discharge ~1200 psi, 130°F outlet",Valve failure; Packing wear,Preventive (quarterly) + Condition Monitoring,6/27/2023,"19,349",99.3,33.79670962,-98.06390146
UXN,COMP-022,Gas Compressors,Centrifugal Compressor,Ingerton Rhodes,EB-45X (API 617),9/17/2013,Station C (IL),"Natural gas, 1500 psi discharge, ~150°F outlet",Valve failure; Packing wear,Preventive (quarterly) + Condition Monitoring,2/9/2020,"18,498",99.5,34.94701655,-100.3474232
GJE,COMP-023,Gas Compressors,Centrifugal Compressor,Ingerton Rhodes,EB-45X (API 617),9/17/2013,Station C (IL),"Natural gas, 1500 psi discharge, ~150°F outlet",Seal oil leak; Bearing failure,Condition-based PdM; Quarterly inspection,12/27/2022,"18,063",96.3,33.39388693,-98.53948197
100,COMP-024,Gas Compressors,Centrifugal Compressor,GEX Oil & Gas,PCL-800X,3/3/2017,Station D (LA),"Natural gas, 2-stage, 1200 psi discharge, 125°F outlet",Valve failure; Piston ring wear,Condition-based PdM; Quarterly inspection,7/11/2022,"10,591",98.8,31.65699641,-99.41936502
7TL,COMP-025,Gas Compressors,Centrifugal Compressor,GEX Oil & Gas,PCL-800X,3/3/2017,Station D (LA),"Natural gas, 2-stage, 1200 psi discharge, 125°F outlet",Seal oil leak; Bearing failure,Preventive (quarterly) + Condition Monitoring,6/14/2023,"11,365",99.3,32.01879356,-103.8978168
1IM,COMP-026,Gas Compressors,Centrifugal Compressor,GEX Oil & Gas,PCL-1000X,7/27/2021,Station F (PA),"Natural gas, 3-stage, 1400 psi discharge, 135°F outlet",Valve failure; Piston ring wear,Preventive (quarterly) + Condition Monitoring,11/10/2023,"7,382",98.6,33.80304473,-103.5499981
FIF,COMP-027,Gas Compressors,Centrifugal Compressor,GEX Oil & Gas,PCL-1000X,7/27/2021,Station F (PA),"Natural gas, 3-stage, 1400 psi discharge, 135°F outlet",Valve failure; Piston ring wear,Condition-based PdM; Quarterly inspection,12/21/2021,"8,252",98.0,31.34415176,-100.8943715
XSK,COMP-028,Gas Compressors,Centrifugal Compressor,Dressler-Rhodes (Simmons),Datum 2000X,2/14/2003,Station A (TX),"Natural gas, single-stage booster, 600 psi, ~90°F outlet",Seal oil leak; Bearing failure,Preventive (quarterly) + Condition Monitoring,6/28/2020,"13,093",95.0,34.72443111,-97.25189931
Y4L,COMP-029,Gas Compressors,Centrifugal Compressor,Dressler-Rhodes (Simmons),Datum 2000X,2/14/2003,Station A (TX),"Natural gas, single-stage booster, 600 psi, ~90°F outlet",Valve failure; Packing wear,Preventive (quarterly) + Condition Monitoring,3/7/2023,"12,742",99.1,34.44070372,-103.6604147
ZBH,PUMP-013,Pumps,Vertical Turbine Pump,FlowTech,VPC-250X (double-case),10/10/2015,Terminal A (OK),"Crude oil, vertical lift from tank, 200 psi, ambient",Impeller damage; Seal leak,Condition-based (vibration monitoring),6/23/2021,"11,991",98.8,30.8952302,-98.98678783
LG5,PUMP-014,Pumps,Vertical Turbine Pump,FlowTech,VPC-250X (double-case),10/10/2015,Terminal A (OK),"Crude oil, vertical lift from tank, 200 psi, ambient",Seal leak; Bearing wear,Preventive (annual overhaul),4/8/2020,"12,357",99.5,32.29246832,-98.79282148
GJE,TANK-005,Storage Tanks,Cone Roof Tank,Matrics Services,API 650 - 50k bbl,3/30/2012,Terminal A (OK),"Gasoline storage, fixed roof w/ vent, ambient 70-95°F",Corrosion; Leak,Risk-based inspection (5yr intervals),1/15/2021,"165,558",99.3,30.8846152,-99.68754635
AFJ,TANK-007,Storage Tanks,Cone Roof Tank,Matrics Services,API 650 - 80k bbl,11/5/2018,Terminal B (IL),"Diesel storage, fixed roof, atmospheric, 60-85°F",Corrosion; Leak,Periodic inspection (API 653 10yr),8/12/2023,"101,647",98.5,31.93591182,-98.97519421
708,TANK-008,Storage Tanks,Cone Roof Tank,Matrics Services,API 650 - 80k bbl,11/5/2018,Terminal B (IL),"Diesel storage, fixed roof, atmospheric, 60-85°F",Floating roof seal damage,Periodic inspection (API 653 10yr),3/17/2023,"143,549",99.6,33.92553219,-103.8209397
PUE,TANK-009,Storage Tanks,Cone Roof Tank,Matrics Services,API 650 - 30k bbl,7/12/2000,Terminal B (IL),"Jet fuel storage, fixed roof, N2 blanketed, ambient temp",Nozzle crack; Corrosion,Periodic inspection (API 653 10yr),6/5/2019,"136,752",99.1,33.57856938,-102.1859022
7E0,TANK-010,Storage Tanks,Cone Roof Tank,Matrics Services,API 650 - 30k bbl,7/12/2000,Terminal B (IL),"Jet fuel storage, fixed roof, N2 blanketed, ambient temp",Corrosion; Leak,Risk-based inspection (5yr intervals),9/5/2020,"130,194",98.2,31.81930676,-101.7689065
DT0,TANK-017,Storage Tanks,Cone Roof Tank,Matrics Services,API 650 - 10k bbl,1/6/2003,Station D (LA),"Produced water tank, fixed roof, atmospheric, 70-100°F",Nozzle crack; Corrosion,Periodic inspection (API 653 10yr),7/16/2019,"151,020",99.8,33.93156176,-98.29272879
CDP,TANK-018,Storage Tanks,Cone Roof Tank,Matrics Services,API 650 - 10k bbl,1/6/2003,Station D (LA),"Produced water tank, fixed roof, atmospheric, 70-100°F",Corrosion; Leak,Periodic inspection (API 653 10yr),10/3/2021,"256,874",99.0,30.82674044,-102.0413719
FL7,VAL-003,Valves,Motor Operated Ball Valve,Camerton,"""30"""" Class 600 Ball Valve""",8/20/2015,Mainline Valve (TX),"Crude oil pipeline block valve, automated operator",Seat wear; Stem leak,Periodic testing (annual),7/13/2020,"99,079",98.3,33.05851103,-101.1453584
GFH,VAL-004,Valves,Motor Operated Ball Valve,Camerton,"""30"""" Class 600 Ball Valve""",8/20/2015,Mainline Valve (TX),"Crude oil pipeline block valve, automated operator",Seat wear; Stem leak,Periodic testing (annual),4/17/2019,"74,829",99.8,34.83509848,-100.5573114
K5W,VAL-006,Valves,Gate Valve (Manual),FlowTech,"""18"""" API 6D Gate Valve""",3/3/1990,Station A (TX),"Natural gas, station isolation, manual operation",Seal failure; Stuck closed,Run-to-failure (non-critical),7/10/2018,"38,036",99.6,30.96974888,-99.38796212
FPU,VAL-007,Valves,Control Valve (Globe),Emerton (Fischer),"""6"""" EBV Control Valve""",10/10/2010,Terminal B (IL),"Diesel flow control, 150 psi, modulating",Seat wear; Stem leak,Periodic testing (annual),1/13/2023,"85,126",98.9,31.49118729,-103.9930393
P8H,VAL-008,Valves,Control Valve (Globe),Emerton (Fischer),"""6"""" EBV Control Valve""",10/10/2010,Terminal B (IL),"Diesel flow control, 150 psi, modulating",Actuator failure; Seat leak,Periodic testing (annual),9/15/2022,"87,482",99.0,34.4572537,-98.20370845
BKS,VAL-009,Valves,Pressure Relief Valve,Emerton (AGCO),"""4"""" PSV set 1440 psi""",2/2/2018,Station D (LA) (Gas),"Gas compressor discharge PSV, lifts at 1440 psi",Actuator failure; Seat leak,Periodic testing (annual),4/2/2022,"37,939",98.9,34.39689999,-101.5964003
64W,VAL-011,Valves,Pressure Relief Valve,BHX (Consolidated),"""2"""" PSV set 250 psi""",7/7/2007,Tank Farm A (OK),"Tank vapor relief, opens at 250 psig",Seal failure; Stuck closed,Periodic testing (annual),10/6/2019,"73,891",98.2,31.351886,-98.05998859
J5Q,VAL-012,Valves,Pressure Relief Valve,BHX (Consolidated),"""2"""" PSV set 250 psi""",7/7/2007,Tank Farm A (OK),"Tank vapor relief, opens at 250 psig",Seat wear; Stem leak,Periodic testing (annual),6/22/2021,"52,668",99.6,30.20585023,-102.5954011
UNX,VAL-013,Valves,Motor Operated Ball Valve,Camerton,"""16"""" Class 300 Ball Valve""",9/9/2003,Pipeline Junction (KS),"Natural gas line block, remote close capability",Seat wear; Stem leak,Run-to-failure (non-critical),9/20/2021,"99,083",97.5,30.02363486,-97.31555431
V59,VAL-014,Valves,Motor Operated Ball Valve,Camerton,"""16"""" Class 300 Ball Valve""",9/9/2003,Pipeline Junction (KS),"Natural gas line block, remote close capability",Seat wear; Stem leak,Periodic testing (annual),10/14/2018,"35,463",98.6,33.37876944,-97.49020535
M02,VAL-015,Valves,Gate Valve (Manual),FlowTech,"""12"""" API 600 Gate Valve""",1/15/1998,Terminal C (LA),"Crude line manual isolation, ambient pressure",Seal failure; Stuck closed,Run-to-failure (non-critical),8/2/2021,"21,280",99.9,32.07207897,-100.9790679
G9Y,VAL-016,Valves,Gate Valve (Manual),FlowTech,"""12"""" API 600 Gate Valve""",1/15/1998,Terminal C (LA),"Crude line manual isolation, ambient pressure",Seat wear; Stem leak,Run-to-failure (non-critical),2/7/2018,"31,889",97.2,33.32282147,-97.04969588
38I,VAL-017,Valves,Control Valve (Butterfly),Emerton (Fischer),"""8"""" Butterfly Control""",6/6/2016,Station E (CO) (Air),"Air cooler fan flow control, 50 psi air system",Actuator failure; Seat leak,Periodic testing (annual),1/19/2020,"29,836",99.0,32.27813936,-102.6022923
H5A,VAL-018,Valves,Control Valve (Butterfly),Emerton (Fischer),"""8"""" Butterfly Control""",6/6/2016,Station E (CO) (Air),"Air cooler fan flow control, 50 psi air system",Actuator failure; Seat leak,Periodic testing (annual),9/8/2019,"47,962",98.2,32.21698158,-97.34344873
PJD,VAL-019,Valves,Pressure Relief Valve,BHX (Consolidated),"""6"""" PSV set 1440 psi""",4/4/2014,Mainline Valve (IL),"Pipeline surge relief, pops at 1440 psi",Seat wear; Stem leak,Periodic testing (annual),11/21/2023,"25,729",97.0,32.95773885,-98.24745965
SL0,VAL-020,Valves,Pressure Relief Valve,BHX (Consolidated),"""6"""" PSV set 1440 psi""",4/4/2014,Mainline Valve (IL),"Pipeline surge relief, pops at 1440 psi",Seat wear; Stem leak,Periodic testing (annual),8/11/2021,"36,768",98.0,33.83534222,-99.06287697
2ZK,HX-001,Heat Exchangers,Air Cooled Heat Exchanger,AeroXchange,6-fan Fin-Fan Cooler,6/12/2015,Station C (IL),Cools gas from 140°F to 110°F @ 1200 psi (aftercompressor),Tube rupture; Fouling,Preventive (cleaning every 2yr),3/24/2023,"63,981",98.8,30.72031529,-102.3836685
ROM,HX-002,Heat Exchangers,Air Cooled Heat Exchanger,AeroXchange,6-fan Fin-Fan Cooler,6/12/2015,Station C (IL),Cools gas from 140°F to 110°F @ 1200 psi (aftercompressor),Fin corrosion; Fan motor failure,Preventive (cleaning every 2yr),5/1/2018,"73,940",97.0,34.38408207,-99.84733996
LDZ,HX-003,Heat Exchangers,Air Cooled Heat Exchanger,AeroXchange,4-fan Fin-Fan Cooler,3/22/2008,Station A (TX),Cools gas from 120°F to 100°F @ 800 psi (aftercompressor),Tube leak; Vibration,Condition-based (temperature monitoring),11/11/2023,"35,470",98.0,34.32533379,-97.62066966
S1T,HX-004,Heat Exchangers,Air Cooled Heat Exchanger,AeroXchange,4-fan Fin-Fan Cooler,3/22/2008,Station A (TX),Cools gas from 120°F to 100°F @ 800 psi (aftercompressor),Tube leak; Vibration,Preventive (cleaning every 2yr),7/11/2019,"31,479",98.8,34.07585064,-102.6483233
LXX,HX-006,Heat Exchangers,Air Cooled Heat Exchanger,AeroXchange,8-fan Fin-Fan Cooler,8/1/2018,Station D (LA),"Gas aftercooler, 8-fan bank, drops 130°F to 105°F",Tube rupture; Fouling,Preventive (cleaning every 2yr),12/2/2022,"43,343",98.8,30.26488408,-99.81600973
J7Q,HX-007,Heat Exchangers,Shell & Tube Exchanger,Alfalux,2-pass ShellTube (316SS),10/10/2010,Terminal A (OK),"Diesel fuel cooler, reduces 100°F to 80°F, 300 psi",Fin corrosion; Fan motor failure,Preventive (cleaning every 2yr),1/27/2019,"68,552",98.1,32.99375071,-101.5077943
9EW,HX-008,Heat Exchangers,Shell & Tube Exchanger,Alfalux,2-pass ShellTube (316SS),10/10/2010,Terminal A (OK),"Diesel fuel cooler, reduces 100°F to 80°F, 300 psi",Fin corrosion; Fan motor failure,Preventive (cleaning every 2yr),9/27/2021,"23,567",98.7,30.45604834,-101.4454399
LXC,HX-009,Heat Exchangers,Air Cooled Heat Exchanger,Alfalux,AL Air 4xR,7/7/2012,Pump Station 2 (OK),"Lube oil cooler, 180°F to 130°F, 50 psi oil circuit",Fin corrosion; Fan motor failure,Condition-based (temperature monitoring),6/14/2021,"79,256",96.1,31.75966488,-102.3157082
OQY,HX-015,Heat Exchangers,Shell & Tube Exchanger,Alfalux,1-pass U-tube Exchanger,6/6/2016,Station E (CO),"Engine jacket water cooler, 180°F to 140°F, 75 psi",Tube rupture; Fouling,Preventive (cleaning every 2yr),9/16/2019,"70,550",98.6,34.89664226,-99.03873126
C0O,HX-016,Heat Exchangers,Shell & Tube Exchanger,Alfalux,1-pass U-tube Exchanger,6/6/2016,Station E (CO),"Engine jacket water cooler, 180°F to 140°F, 75 psi",Fin corrosion; Fan motor failure,Condition-based (temperature monitoring),8/27/2018,"23,258",96.7,33.75543439,-101.4808186
36C,HX-017,Heat Exchangers,Air Cooled Heat Exchanger,AeroXchange,10-fan Fin-Fan Cooler,7/22/2020,Pump Station 5 (CO),"Crude oil cooler, drops 120°F to 90°F before storage",Tube rupture; Fouling,Preventive (cleaning every 2yr),9/25/2023,"31,340",98.1,34.69009561,-99.37932249
I2T,HX-018,Heat Exchangers,Air Cooled Heat Exchanger,AeroXchange,10-fan Fin-Fan Cooler,7/22/2020,Pump Station 5 (CO),"Crude oil cooler, drops 120°F to 90°F before storage",Fin corrosion; Fan motor failure,Preventive (cleaning every 2yr),5/23/2022,"59,440",96.2,34.88214324,-102.86486
9I5,HX-019,Heat Exchangers,Air Cooled Heat Exchanger,AeroXchange,2-fan package,11/11/2014,Station C (IL),"Fuel gas cooler, 120°F to 80°F, 600 psi fuel gas",Tube leak; Vibration,Condition-based (temperature monitoring),5/4/2019,"59,891",96.8,33.34311926,-100.5893408
7E8,HX-020,Heat Exchangers,Air Cooled Heat Exchanger,AeroXchange,2-fan package,11/11/2014,Station C (IL),"Fuel gas cooler, 120°F to 80°F, 600 psi fuel gas",Fin corrosion; Fan motor failure,Preventive (cleaning every 2yr),10/25/2020,"76,115",98.8,32.53985559,-98.28231201
ZF6,SEP-001,Separators & Filters,Horizontal Separator,Exterion,"""3-phase Sep 48""""×20'""",3/3/2010,Station A (TX),"Inlet separator (gas/condensate/water), 1000 psi, 50 MMSCFD",Internal corrosion; Erosion,Preventive (annual cleaning),6/21/2023,"81,735",99.1,32.60231663,-100.4892467
0AV,SEP-002,Separators & Filters,Horizontal Separator,Exterion,"""3-phase Sep 48""""×20'""",3/3/2010,Station A (TX),"Inlet separator (gas/condensate/water), 1000 psi, 50 MMSCFD",Slug carryover; Erosion,Preventive (annual cleaning),9/14/2019,"39,696",99.3,32.41070823,-102.134079
4G2,SEP-003,Separators & Filters,Slug Catcher (Finger),Custom (Fabricated),Finger-type 5 fingers,5/5/2005,Gas Plant (LA),"Slug catcher for wet gas, 900 psi, handles slug volumes",Level control failure; Corrosion,Condition-based (pressure drop monitoring),9/18/2019,"97,259",99.1,31.50679869,-97.98297135
L6Q,SEP-004,Separators & Filters,Slug Catcher (Finger),Custom (Fabricated),Finger-type 5 fingers,5/5/2005,Gas Plant (LA),"Slug catcher for wet gas, 900 psi, handles slug volumes",Internal corrosion; Erosion,Preventive (annual cleaning),11/27/2022,"71,156",98.6,32.34696166,-103.0254621
CN5,SEP-007,Separators & Filters,Filter Separator,PECO Facet,"""Skid Filter 24"""" dual""",8/8/2018,Station D (LA),"Fuel gas filter (dual), 600 psi, high-efficiency",Internal corrosion; Erosion,Condition-based (pressure drop monitoring),1/7/2020,"83,292",98.6,34.43304576,-98.75987356
Y7P,SEP-008,Separators & Filters,Filter Separator,PECO Facet,"""Skid Filter 24"""" dual""",8/8/2018,Station D (LA),"Fuel gas filter (dual), 600 psi, high-efficiency",Slug carryover; Erosion,Preventive (annual cleaning),12/28/2022,"38,483",99.1,32.49446482,-99.63656745
SXK,SEP-010,Separators & Filters,Vertical Scrubber,Camerton,"""30""""×10' KO Drum""",2/2/2000,Station C (IL),"Compressor suction scrubber, 1200 psi, removes liquids",Internal corrosion; Erosion,Preventive (annual cleaning),6/21/2019,"88,908",99.2,30.61087071,-99.73112957
7PU,SEP-013,Separators & Filters,Filter-Coalescer,Pallen Systems,"""20"""" Coalescing Filter""",12/12/2012,Terminal C (LA),"NGL filter-coalescer, 300 psi, removes entrained liquids",Level control failure; Corrosion,Preventive (annual cleaning),4/25/2018,"48,222",99.5,30.62073495,-98.32446045
0OJ,SEP-014,Separators & Filters,Filter-Coalescer,Pallen Systems,"""20"""" Coalescing Filter""",12/12/2012,Terminal C (LA),"NGL filter-coalescer, 300 psi, removes entrained liquids",Internal corrosion; Erosion,Preventive (annual cleaning),11/4/2023,"68,943",99.0,32.02059216,-98.93714433
H46,SEP-015,Separators & Filters,Horizontal Separator,Schlumberger,"""2-phase Sep 36""""×15'""",8/8/2008,Station E (CO),"Gas-liquid separator, 1000 psi, protects meters",Level control failure; Corrosion,Preventive (annual cleaning),10/12/2020,"51,678",98.7,32.61531478,-103.7958819
YKE,SEP-016,Separators & Filters,Horizontal Separator,Schlumberger,"""2-phase Sep 36""""×15'""",8/8/2008,Station E (CO),"Gas-liquid separator, 1000 psi, protects meters",Internal corrosion; Erosion,Preventive (annual cleaning),8/20/2023,"95,531",98.2,31.855857,-102.7717315
PTV,SEP-017,Separators & Filters,Vertical Filter,PECO Facet,"Cartridge filter 12""""",4/4/2016,Station F (PA),"Lube oil filter vessel, 100 psi, 5-micron cartridges",Slug carryover; Erosion,Preventive (annual cleaning),1/8/2022,"98,052",97.6,33.70559187,-99.66411064
AIT,SEP-018,Separators & Filters,Vertical Filter,PECO Facet,"Cartridge filter 12""""",4/4/2016,Station F (PA),"Lube oil filter vessel, 100 psi, 5-micron cartridges",Level control failure; Corrosion,Condition-based (pressure drop monitoring),10/24/2019,"80,262",98.9,30.0661106,-101.553944
5XI,SEP-019,Separators & Filters,Slug Catcher (Finger),Custom (Fabricated),Finger-type 8 fingers,10/10/2020,Gas Hub (TX),"Large slug catcher, 1000 psi, protects downstream plant",Level control failure; Corrosion,Condition-based (pressure drop monitoring),12/5/2020,"68,506",98.7,30.71263841,-98.01120097
R4B,SEP-020,Separators & Filters,Slug Catcher (Finger),Custom (Fabricated),Finger-type 8 fingers,10/10/2020,Gas Hub (TX),"Large slug catcher, 1000 psi, protects downstream plant",Slug carryover; Erosion,Preventive (annual cleaning),1/9/2021,"32,973",99.2,30.12096396,-101.5643545
191,DRIVE-016,Prime Movers,Electric Motor,GEX Motors,4160V Induction (800 hp),4/14/2014,Terminal B (IL),"Electric motor drive for pump PUMP-009/010, 4160 V, 0-60 Hz VFD",Bearing failure; Overheat,Preventive (annual tune-up),2/22/2023,"13,417",96.3,33.7477655,-103.2849476
P4P,DRIVE-017,Prime Movers,Electric Motor,GEX Motors,4160V Induction (800 hp),4/14/2014,Terminal B (IL),"Electric motor drive for pump PUMP-009/010, 4160 V, 0-60 Hz VFD",Bearing failure; Overheat,Condition-based (monitor vibrations),10/4/2020,"14,382",97.8,34.6199745,-97.11145142
BEE,DRIVE-018,Prime Movers,Electric Motor,Simmons,480V Induction (200 hp),11/5/2018,Terminal C (LA),"Electric motor for mixer, 480 V, 3-phase, DOL start",Bearing failure; Overheat,Preventive (annual tune-up),7/24/2021,"11,020",97.0,32.01390471,-103.6894365
991,DRIVE-019,Prime Movers,Electric Motor,Simmons,480V Induction (200 hp),11/5/2018,Terminal C (LA),"Electric motor for mixer, 480 V, 3-phase, DOL start",Bearing failure; Overheat,Preventive (annual tune-up),9/6/2020,"12,720",96.7,31.45255909,-102.6155549
R1Q,DRIVE-020,Prime Movers,Electric Motor,Baldor,480V ExplosionProof (50 hp),3/18/2003,Station D (LA),"Electric motor for aux pump, 480 V, exp-proof, 1800 rpm",Fuel system failure; Controller fault,Condition-based (monitor vibrations),2/23/2023,"9,264",97.4,31.61907891,-98.00443561
ECG,MTR-001,Flow Meters,Orifice Flow Meter (Gas),Emerton (Daniels),"""Orifice 36"""" Meter Run""",5/5/1998,Station A (TX),"Natural gas, 36-inch, 1200 psi, ~100 MMSCFD",Sensor fault; Calibration drift,Preventive (annual calibration),8/12/2022,"26,207",99.6,30.94687142,-98.41163412
I91,MTR-002,Flow Meters,Orifice Flow Meter (Gas),Emerton (Daniels),"""Orifice 24"""" Meter Run""",4/10/1990,Station C (IL),"Natural gas, 24-inch, 900 psi, ~60 MMSCFD",Impulse line clog; Sensor drift,Preventive (annual calibration),3/24/2019,"23,892",98.9,31.58825308,-100.5877897
5VL,MTR-004,Flow Meters,Orifice Flow Meter (Gas),Emerton (Daniels),"""Orifice 8"""" Meter Run""",1/8/2005,Station D (LA),"Natural gas, 8-inch, 600 psi, ~10 MMSCFD",Sensor fault; Calibration drift,Preventive (annual calibration),4/19/2020,"24,980",99.8,34.34241176,-100.4093571
ABS,MTR-005,Flow Meters,Orifice Flow Meter (Gas),Emerton (Daniels),"""Orifice 30"""" Meter Run""",9/21/1996,Station F (PA),"Natural gas, 30-inch, 1000 psi, ~800 MMSCFD",Impulse line clog; Sensor drift,Preventive (annual calibration),8/7/2022,"23,483",98.8,32.2819647,-103.2241845
L46,MTR-007,Flow Meters,Ultrasonic Flow Meter (Gas),Emerton (Daniels),Daniels Ultrasonic 3410,12/2/2015,Station E (CO),"Natural gas, 30-inch, 1000 psi, ~800 MMSCFD",Sensor fault; Calibration drift,Preventive (annual calibration),11/1/2019,"21,775",98.5,30.75848601,-103.8749404
PH2,MTR-008,Flow Meters,Ultrasonic Flow Meter (Gas),Honeyton (Elster),Elster Q.Sonic 5,3/19/2018,Station A (TX),"Natural gas, 20-inch, 800 psi, ~50 MMSCFD",Electronics failure; Fouling,Run-to-failure with spares,8/9/2023,"29,510",98.6,33.13764091,-102.4705235
YG1,MTR-009,Flow Meters,Ultrasonic Flow Meter (Gas),SICK,FLOWSIC600,11/17/2014,Gas Plant (LA),"Natural gas, 12-inch, 600 psi, ~15 MMSCFD",Sensor fault; Calibration drift,Preventive (annual calibration),1/17/2018,"13,172",98.8,33.69957711,-100.505848
L9C,MTR-010,Flow Meters,Ultrasonic Flow Meter (Gas),Emerton (Daniels),Daniels Ultrasonic 3410,4/27/2020,Station D (LA),"Natural gas, 36-inch, 1200 psi, ~900 MMSCFD",Electronics failure; Fouling,Run-to-failure with spares,8/20/2020,"40,879",99.4,33.03777755,-103.6476187
5YE,MTR-012,Flow Meters,Turbine Flow Meter (Liquid),Camerton,NuFlo 12,5/24/2005,Terminal B (IL),"Crude oil, 12-inch, 800 psi, 100k bbl/day",Electronics failure; Fouling,Run-to-failure with spares,12/24/2023,"43,552",98.9,31.06192664,-98.69958764
LK4,MTR-013,Flow Meters,Turbine Flow Meter (Liquid),FMC (Smith),Smith TM-6,3/14/1995,Pump Station 3 (IL),"Gasoline, 6-inch, 300 psi, 30k bbl/day",Sensor fault; Calibration drift,Preventive (annual calibration),2/15/2021,"58,204",99.5,32.92384528,-103.5638931
0OA,MTR-014,Flow Meters,Turbine Flow Meter (Liquid),FMC (Smith),Smith TM-6,10/2/1995,Pump Station 4 (KS),"Diesel, 6-inch, 300 psi, 25k bbl/day",Sensor fault; Calibration drift,Preventive (annual calibration),4/4/2019,"56,013",99.1,33.10932929,-102.6505271
H5P,MTR-015,Flow Meters,Turbine Flow Meter (Liquid),KROHNE,Altosonic III,10/28/2010,Terminal C (LA),"Naphtha, 8-inch, 600 psi, 30k bbl/day",Electronics failure; Fouling,Preventive (annual calibration),2/23/2020,"63,198",98.3,34.83382155,-100.2713288
C6U,MTR-017,Flow Meters,Coriolis Flow Meter (Liquid),Emerton (MicroMotion),CMF300X,12/27/2016,Terminal C (LA),"Crude oil, 8-inch, 500 psi, 80k bbl/day",Sensor fault; Calibration drift,Run-to-failure with spares,1/24/2020,"48,980",99.6,34.61619344,-102.5540258
2IR,MTR-018,Flow Meters,Coriolis Flow Meter (Liquid),Endress+Hauser,Promass 200,8/21/2018,Terminal B (IL),"Jet fuel, 4-inch, 250 psi, 10k bbl/day",Electronics failure; Fouling,Run-to-failure with spares,3/15/2020,"17,589",99.8,30.28375835,-102.238049
BAB,MTR-019,Flow Meters,Coriolis Flow Meter (Liquid),Endress+Hauser,Promass 200,11/3/2018,Pump Station 6 (TN),"Propane, 6-inch, 150 psi, 20k bbl/day",Electronics failure; Fouling,Run-to-failure with spares,9/27/2023,"28,971",99.0,30.30762222,-100.6326601
GU7,PUMP-004,Pumps,Centrifugal Pump,FlowTech,Mark 3 (API 610),9/10/2005,Pump Station 1 (TX),"Refined product, 300 gpm @ 600 psi, 90°F",Impeller damage; Seal leak,Condition-based (vibration monitoring),3/10/2023,"12,795",96.4,34.3128487,-101.1712283
I1G,PUMP-018,Pumps,Centrifugal Pump,FlowTech,HPX-600 (BB3),7/22/2020,Pump Station 5 (CO),"Crude oil, 1200 gpm @ 1500 psi, 105°F (mainline)",Seal leak; Bearing wear,Condition-based (vibration monitoring),1/17/2023,"17,631",99.7,32.39047962,-100.281999
YGD,PUMP-019,Pumps,Centrifugal Pump,Sulzer,ZA40 (BB2),4/14/2011,Pump Station 5 (CO),"Crude oil, 900 gpm @ 1100 psi, 100°F",Bearing failure; Coupling misalignment,Condition-based (vibration monitoring),1/14/2020,"14,184",97.9,34.14364479,-102.8594905
WJQ,PUMP-022,Pumps,Centrifugal Pump,FlowTech,WXH-300 (VS6),6/30/2006,Terminal B (IL),"Jet fuel, 250 gpm @ 250 psi, 70°F (loading)",Impeller damage; Seal leak,Condition-based (vibration monitoring),3/12/2018,"13,847",98.0,34.24838304,-97.8822966
X9C,PUMP-027,Pumps,Centrifugal Pump,Sulzer,SJD (VS1),11/11/2014,Pump Station 3 (IL),"Crude oil, 600 gpm @ 800 psi, 90°F (booster)",Seal leak; Bearing wear,Condition-based (vibration monitoring),11/22/2018,"11,380",96.6,34.84833985,-100.366137
ZSS,PUMP-001,Pumps,Centrifugal Pump,FlowTech,HHT-500 (8x10),4/20/2010,Pump Station 1 (TX),"Crude oil, ~500 gpm @ 900 psi, 85°F (mainline booster)",Impeller damage; Seal leak,Preventive (annual overhaul),9/2/2023,"17,913",97.5,33.62601064,-98.82968625
8V5,PUMP-003,Pumps,Centrifugal Pump,FlowTech,Mark 3 (API 610),9/10/2005,Pump Station 1 (TX),"Refined product, 300 gpm @ 600 psi, 90°F",Impeller damage; Seal leak,Preventive (annual overhaul),12/24/2021,"19,865",98.4,33.15540851,-102.1535473
KK2,PUMP-006,Pumps,Centrifugal Pump,Sulzer,MSD-7 (10-stage),1/15/2018,Pump Station 2 (OK),"Crude oil, 1000 gpm @ 1200 psi, 100°F (mainline)",Bearing failure; Coupling misalignment,Preventive (annual overhaul),6/27/2021,"9,290",97.7,34.66674002,-102.447911
4IF,PUMP-009,Pumps,Centrifugal Pump,ITT Goulds,3700 (API 610 BB2),3/30/2000,Pump Station 3 (IL),"Diesel fuel, 600 gpm @ 800 psi, 80°F",Impeller damage; Seal leak,Preventive (annual overhaul),4/13/2023,"14,837",98.2,33.86085464,-97.54595223
K6W,PUMP-011,Pumps,Centrifugal Pump,ITT Goulds,3600 (OH2),12/1/1995,Terminal A (OK),"Gasoline, 400 gpm @ 300 psi, 70°F (loading pump)",Impeller damage; Seal leak,Preventive (annual overhaul),3/8/2022,"10,649",97.9,31.12839959,-101.2428703
178,PUMP-012,Pumps,Centrifugal Pump,ITT Goulds,3600 (OH2),12/1/1995,Terminal A (OK),"Gasoline, 400 gpm @ 300 psi, 70°F (loading pump)",Bearing failure; Coupling misalignment,Preventive (annual overhaul),7/14/2023,"9,584",96.8,33.70399764,-100.0736555
S15,PUMP-015,Pumps,Centrifugal Pump,KSB,RPH (BB1),8/8/2008,Pump Station 4 (KS),"Naphtha, 450 gpm @ 500 psi, 90°F",Impeller damage; Seal leak,Preventive (annual overhaul),12/5/2021,"19,667",99.6,34.40349571,-103.7000048
FFK,PUMP-016,Pumps,Centrifugal Pump,KSB,RPH (BB1),8/8/2008,Pump Station 4 (KS),"Naphtha, 450 gpm @ 500 psi, 90°F",Bearing failure; Coupling misalignment,Preventive (annual overhaul),12/17/2020,"8,371",96.8,30.8435477,-97.28072069
UZE,PUMP-020,Pumps,Centrifugal Pump,Sulzer,ZA40 (BB2),4/14/2011,Pump Station 5 (CO),"Crude oil, 900 gpm @ 1100 psi, 100°F",Bearing failure; Coupling misalignment,Preventive (annual overhaul),5/19/2023,"8,134",96.4,34.81344696,-99.89373103
4IH,PUMP-024,Pumps,Centrifugal Pump,FlowTech,UZDL (multistage),9/1/2017,Pump Station 6 (TN),"Propane, 200 gpm @ 150 psi, 60°F (refrigerated)",Bearing failure; Coupling misalignment,Preventive (annual overhaul),7/15/2020,"19,786",99.2,34.20755343,-98.53659456
PNS,PUMP-025,Pumps,Centrifugal Pump,ITT Goulds,1100 (OH1),5/5/1998,Terminal C (LA),"Gasoline, 200 gpm @ 200 psi, 75°F",Impeller damage; Seal leak,Preventive (annual overhaul),7/5/2020,"12,935",99.3,30.32669739,-101.554714
X6J,PUMP-028,Pumps,Centrifugal Pump,Sulzer,SJD (VS1),11/11/2014,Pump Station 3 (IL),"Crude oil, 600 gpm @ 800 psi, 90°F (booster)",Impeller damage; Seal leak,Preventive (annual overhaul),2/14/2019,"11,259",98.2,33.08568176,-100.3956059
0VA,PUMP-002,Pumps,Centrifugal Pump,FlowTech,HHT-500 (8x10),4/20/2010,Pump Station 1 (TX),"Crude oil, ~500 gpm @ 900 psi, 85°F (mainline booster)",Seal leak; Bearing wear,Preventive (annual overhaul),5/14/2019,"19,956",96.9,32.69761428,-103.3384474
7L7,PUMP-005,Pumps,Centrifugal Pump,Sulzer,MSD-7 (10-stage),1/15/2018,Pump Station 2 (OK),"Crude oil, 1000 gpm @ 1200 psi, 100°F (mainline)",Seal leak; Bearing wear,Preventive (annual overhaul),2/8/2022,"14,068",98.0,34.2631296,-99.43397167
3ZJ,PUMP-007,Pumps,Centrifugal Pump,Sulzer,HPP-400 (6-stage),7/7/2012,Pump Station 2 (OK),"Crude oil, 800 gpm @ 1000 psi, 95°F",Seal leak; Bearing wear,Preventive (annual overhaul),8/22/2020,"12,518",96.5,31.40333835,-99.97181813
P2D,PUMP-008,Pumps,Centrifugal Pump,Sulzer,HPP-400 (6-stage),7/7/2012,Pump Station 2 (OK),"Crude oil, 800 gpm @ 1000 psi, 95°F",Seal leak; Bearing wear,Preventive (annual overhaul),1/22/2022,"15,546",97.1,34.36983508,-101.380029
GGG,PUMP-010,Pumps,Centrifugal Pump,ITT Goulds,3700 (API 610 BB2),3/30/2000,Pump Station 3 (IL),"Diesel fuel, 600 gpm @ 800 psi, 80°F",Seal leak; Bearing wear,Preventive (annual overhaul),6/13/2020,"14,572",96.9,33.37096054,-101.5685412
OHW,PUMP-017,Pumps,Centrifugal Pump,FlowTech,HPX-600 (BB3),7/22/2020,Pump Station 5 (CO),"Crude oil, 1200 gpm @ 1500 psi, 105°F (mainline)",Seal leak; Bearing wear,Preventive (annual overhaul),6/21/2021,"13,212",96.8,34.71709982,-103.2558743
3Z5,PUMP-021,Pumps,Centrifugal Pump,FlowTech,WXH-300 (VS6),6/30/2006,Terminal B (IL),"Jet fuel, 250 gpm @ 250 psi, 70°F (loading)",Seal leak; Bearing wear,Preventive (annual overhaul),12/16/2019,"15,604",98.7,34.05372972,-100.1361018
BLU,PUMP-023,Pumps,Centrifugal Pump,FlowTech,UZDL (multistage),9/1/2017,Pump Station 6 (TN),"Propane, 200 gpm @ 150 psi, 60°F (refrigerated)",Seal leak; Bearing wear,Preventive (annual overhaul),6/28/2023,"19,447",96.3,32.05695754,-102.2970908
MG1,PUMP-026,Pumps,Centrifugal Pump,ITT Goulds,1100 (OH1),5/5/1998,Terminal C (LA),"Gasoline, 200 gpm @ 200 psi, 75°F",Seal leak; Bearing wear,Preventive (annual overhaul),3/2/2021,"10,076",98.3,31.98349477,-101.6979639
5HS,PUMP-029,Pumps,Centrifugal Pump,FlowTech,HWMA (OH2),3/18/2003,Terminal B (IL),"Diesel, 150 gpm @ 150 psi, ambient",Seal leak; Bearing wear,Preventive (annual overhaul),3/27/2021,"19,153",99.0,33.52732304,-97.9967948
W2O,PUMP-030,Pumps,Centrifugal Pump,FlowTech,HWMA (OH2),3/18/2003,Terminal B (IL),"Diesel, 150 gpm @ 150 psi, ambient",Seal leak; Bearing wear,Preventive (annual overhaul),4/11/2018,"19,172",97.5,33.13613132,-100.4764814
